<?xml version="1.0" encoding="UTF-8" ?>
<!DOCTYPE mapper
  PUBLIC "-//mybatis.org//DTD Mapper 3.0//EN"
  "http://mybatis.org/dtd/mybatis-3-mapper.dtd">
<mapper namespace="file">
 
  <!-- select 된 커럼과 resultType에 기술된 클래스의 필드 이름이 동일하면 자동으로 값을 넣어준다
  	   resultType : 한 행의 정보를 저장할 수 있는 클래스 타입을 명시 -->
 <insert id="insertFile" parameterType="fileVo"> 
 	INSERT INTO KATTACH
 	VALUES(file_seq.nextVal,#{bor_no},#{post_no},#{user_id},#{file_nm},#{read_file_name})
 </insert>
 
 <select id="selectFileList" parameterType="fileVo" resultType="fileVo">
 	SELECT * FROM KATTACH
 	WHERE bor_no = #{bor_no} AND post_no = #{post_no} AND user_id = #{user_id}
 </select>
 
 <select id="selectFile" parameterType="fileVo" resultType="fileVo">
 	SELECT * FROM KATTACH
 	WHERE att_no=#{att_no} AND bor_no = #{bor_no} AND post_no = #{post_no} AND user_id = #{user_id}
 </select>
 
 <delete id="deleteFile" parameterType="fileVo">
	DELETE KATTACH
	WHERE att_no = #{att_no}
 </delete>

 
</mapper>