<?xml version="1.0" encoding="UTF-8" ?>
<!DOCTYPE mapper
  PUBLIC "-//mybatis.org//DTD Mapper 3.0//EN"
  "http://mybatis.org/dtd/mybatis-3-mapper.dtd">
<mapper namespace="users">
 
  <!-- select 된 커럼과 resultType에 기술된 클래스의 필드 이름이 동일하면 자동으로 값을 넣어준다
  	   resultType : 한 행의 정보를 저장할 수 있는 클래스 타입을 명시 -->
  <select id="selectAllUser" resultType="userVo">
    SELECT * FROM users
  </select>
  
  <select id="selectUser" parameterType="String" resultType="userVo">
    SELECT * 
    FROM users
    WHERE userid = #{userid}
  </select>
  

  <select id="selectPagingUser" resultType="userVo" parameterType="pageVo">
  	SELECT *
	FROM
	    (SELECT ROWNUM rn, a.*
	     FROM
	         (SELECT *
	          FROM users
	          ORDER BY userid
	          ) a
	     WHERE ROWNUM &lt;= #{page} * #{pageSize}
	     )
	WHERE rn BETWEEN (#{page}-1) * #{pageSize} +1 AND #{page} * #{pageSize}
  
  </select>
  
  <select id="selectAllUserCount" resultType="int">
  	SELECT COUNT(*)
  	FROM users
  </select>
  
  
  <select id="searchIdPagingUser" resultType="userVo" parameterType="pageVo">
  	SELECT *
	FROM
	    (SELECT ROWNUM rn, a.*
	     FROM
	         (SELECT *
	          FROM users
	          WHERE userid LIKE '%' || #{keyword} || '%'
	          ORDER BY userid
	          ) a
	     WHERE ROWNUM &lt;= #{page} * #{pageSize}
	     )
	WHERE rn BETWEEN (#{page}-1) * #{pageSize} +1 AND #{page} * #{pageSize}
  
  </select>
  
  <select id="searchIdUserCount" resultType="int" parameterType="pageVo">
  	SELECT COUNT(*)
  	FROM users
  	WHERE userid LIKE '%' || #{keyword} || '%'
  </select>  
  
  
   <select id="searchNamePagingUser" resultType="userVo" parameterType="pageVo">
  	SELECT *
	FROM
	    (SELECT ROWNUM rn, a.*
	     FROM
	         (SELECT *
	          FROM users
	          WHERE usernm LIKE '%' || #{keyword} || '%'
	          ORDER BY userid
	          ) a
	     WHERE ROWNUM &lt;= #{page} * #{pageSize}
	     )
	WHERE rn BETWEEN (#{page}-1) * #{pageSize} +1 AND #{page} * #{pageSize}
  
  </select>
  
  <select id="searchNameUserCount" resultType="int" parameterType="pageVo">
  	SELECT COUNT(*)
  	FROM users
  	WHERE usernm LIKE '%' || #{keyword} || '%'
  </select> 
  
  
  <select id="searchAliasPagingUser" resultType="userVo" parameterType="pageVo">
  	SELECT *
	FROM
	    (SELECT ROWNUM rn, a.*
	     FROM
	         (SELECT *
	          FROM users
	          WHERE alias LIKE '%' || #{keyword} || '%'
	          ORDER BY userid
	          ) a
	     WHERE ROWNUM &lt;= #{page} * #{pageSize}
	     )
	WHERE rn BETWEEN (#{page}-1) * #{pageSize} +1 AND #{page} * #{pageSize}
  
  </select>
  
  <select id="searchAliasUserCount" resultType="int" parameterType="pageVo">
  	SELECT COUNT(*)
  	FROM users
  	WHERE alias LIKE '%' || #{keyword} || '%'
  </select> 
  
  
  <update id="modifyUser" parameterType="userVo">
  	UPDATE users 
  	SET usernm = #{usernm}, pass = #{pass}, reg_dt = #{reg_dt}, alias = #{alias}, addr1=#{addr1},
                 addr2 = #{addr2}, zipcode = #{zipcode}, filename =#{filename}, realfilename = #{realfilename}
	WHERE userid = #{userid}
  </update>
  
  <insert id="registUser" parameterType="userVo">
  	INSERT INTO users(userid,usernm,pass,reg_dt,alias,addr1,addr2,zipcode,filename,realfilename) 
  	VALUES(#{userid},#{usernm},#{pass},#{reg_dt},#{alias},#{addr1},#{addr2},#{zipcode},#{filename},#{realfilename})
  </insert>
  
  <delete id="deleteUser" parameterType="String">
  	DELETE users
  	WHERE userid = #{userid}
  </delete>
  
</mapper>