<?xml version="1.0" encoding="UTF-8" ?>
<!DOCTYPE configuration
  PUBLIC "-//mybatis.org//DTD Config 3.0//EN"
  "http://mybatis.org/dtd/mybatis-3-config.dtd">
<configuration>
	
	<typeAliases>
		<typeAlias type="kr.or.ddit.user.model.UserVo" alias="userVo"/>
		<typeAlias type="kr.or.ddit.page.model.PageVo" alias="pageVo"/>
		<typeAlias type="kr.or.ddit.board.model.BoardListVo" alias="blistVo"/>
		<typeAlias type="kr.or.ddit.board.model.BoardVo" alias="boardVo"/>
		<typeAlias type="kr.or.ddit.file.model.FileVo" alias="fileVo"/>
		<typeAlias type="kr.or.ddit.comment.model.CommentsVo" alias="comVo"/>
		
	</typeAliases>
	
	
  <environments default="development">
    <environment id="development">
      <transactionManager type="JDBC"/>
      <dataSource type="POOLED">
        <property name="driver" value="oracle.jdbc.driver.OracleDriver"/>
        <property name="url" value="jdbc:oracle:thin:@localhost:1521:xe"/>
        <property name="username" value="sujin"/>
        <property name="password" value="java"/>
      </dataSource>
    </environment>
  </environments>
  <mappers>
    <mapper resource="kr/or/ddit/config/mybatis/mapper/user.xml"/>
    <mapper resource="kr/or/ddit/config/mybatis/mapper/board.xml"/>
    <mapper resource="kr/or/ddit/config/mybatis/mapper/boardList.xml"/>
    <mapper resource="kr/or/ddit/config/mybatis/mapper/comment.xml"/>
    <mapper resource="kr/or/ddit/config/mybatis/mapper/file.xml"/>
  </mappers>
</configuration>