<?xml version="1.0" encoding="UTF-8"?>
<configuration>

  <appender name="STDOUT" class="ch.qos.logback.core.ConsoleAppender">
    <!-- encoders are assigned the type
         ch.qos.logback.classic.encoder.PatternLayoutEncoder by default -->
    <encoder>
      <pattern>%d{HH:mm:ss.SSS} [%thread] %-5level %logger{36} - %msg%n</pattern>
    </encoder>
  </appender>
  
  <appender name="FILE" class="ch.qos.logback.core.FileAppender">
	<file>d:\log\test.log</file>
	<encoder>
		<pattern>%date %level [%thread] %logger{10} [%file:%line] %msg%n</pattern>
	</encoder>
  </appender>

  <!-- logger는 패키치 계층 구조로 얻어온다
  	   LoggerFactory.getLogger(BasicServlet.class)
  	   BasicServlet.class는 kr.or.ddit.servlet.basic 패키지에 속한다
  	   패키지의 계층 구좌 일치하는 로거 이름이 있는지 찾아
  	   해당 로거를 사용하게 된다 
  -->
   
  <logger name="kr.or.ddit" level="debug">
  	<appender-ref ref="STDOUT" />
  </logger>
  
<!--   <root level="debug">모든 로그를 다찍음 보통 주석처리함
    <appender-ref ref="STDOUT" />
  </root> -->
</configuration>