<?xml version="1.0" encoding="UTF-8" ?>
<!DOCTYPE mapper
  PUBLIC "-//mybatis.org//DTD Mapper 3.0//EN"
  "http://mybatis.org/dtd/mybatis-3-mapper.dtd">
<mapper namespace="blist">

	<!-- select 된 커럼과 resultType에 기술된 클래스의 필드 이름이 동일하면 자동으로 값을 넣어준다 resultType 
		: 한 행의 정보를 저장할 수 있는 클래스 타입을 명시 -->

	<select id="selectBoardList" resultType="blistVo" parameterType="int">
		SELECT *
		FROM boardList
		WHERE board_no= #{value}
	</select>

<!-- 	<select id="pagingBoardList" resultType="blistVo" parameterType="pageVo"> -->
<!-- 		SELECT LPAD((' '), 8*(LEVEL-1)) || TITLE title, board_no, post_no, user_id, reg_date ,delete_act, LEVEL boardLevel -->
<!-- 		FROM (SELECT ROWNUM rn, a.* -->
<!-- 			  FROM	(SELECT * -->
<!-- 					 FROM boardList -->
<!-- 					 WHERE board_no = #{board_no} -->
<!-- 					 ORDER BY post_no DESC	) a	) -->
<!-- 			  WHERE rn BETWEEN (#{page}-1) * #{pageSize} +1 AND #{page} * #{pageSize} -->
<!-- 			  START WITH board_no IS NULL -->
<!-- 			  CONNECT BY PRIOR post_no = post_rno -->
<!-- 			  ORDER SIBLINGS BY reg_date DESC -->
<!-- 	</select> -->
	
	<select id="pagingBoardList" resultType="blistVo" parameterType="pageVo">
	    SELECT *
		FROM
			(SELECT ROWNUM rn, a.*
			 FROM
				(SELECT *
				 FROM boardList		
				 ORDER BY POST_NO DESC)a
			WHERE ROWNUM &lt;= #{page} * #{pageSize})
		WHERE rn BETWEEN (#{page}-1) * #{pageSize}+1 AND #{page} *#{pageSize}
		ORDER BY POST_RNO
	</select>

	<select id="allBListCnt" parameterType="pageVo" resultType="int">
		SELECT COUNT(*)
		FROM boardList	WHERE board_no = #{board_no}
	</select>

	<insert id="insertPost" parameterType="blistVo">
		INSERT INTO boardList
		(BOARD_NO,POST_NO,USER_ID,TITLE,REG_DATE,CONTENT,DELETE_ACT,RE_CONTENT,POST_RNO,RUSER_ID)
		VALUES
		(#{board_no},SEQ_PNO.NEXTVAL,#{user_id},#{title},SYSDATE,#{content},1,null,SEQ_PNO.NEXTVAL,null)
	</insert>

	<select id="selectMaxPost_no" resultType="int">
		SELECT MAX(post_no)
		FROM boardList
	</select>

	<select id="selectPost" parameterType="blistVo" resultType="blistVo">
		SELECT * FROM boardList
		WHERE board_no = #{board_no} AND post_no = #{post_no} AND user_id = #{user_id}
	</select>


	<update id="deletePost" parameterType="blistVo">
		UPDATE boardList SET DELETE_ACT = 0
		WHERE board_no = #{board_no} AND post_no = #{post_no} AND user_id =#{user_id}
	</update>

	<update id="modifyPost" parameterType="blistVo">
		UPDATE boardList SET title=#{title}, content = #{content}, REG_DATE = SYSDATE
		WHERE board_no = #{board_no} AND post_no = #{post_no} AND user_id =
		#{user_id}
	</update>
	
	
	<insert id="insertComentPost" parameterType="blistVo">
		INSERT INTO boardList
		VALUES(#{board_no},seq_post_no.nextVal,#{user_id},#{title},#{content},SYSDATE,1,#{bor_c_nm},#{post_c_no},#{rep_user_id})
	</insert>
	


</mapper>