<?xml version="1.0" encoding="UTF-8" ?>
<!DOCTYPE mapper
  PUBLIC "-//mybatis.org//DTD Mapper 3.0//EN"
  "http://mybatis.org/dtd/mybatis-3-mapper.dtd">
<mapper namespace="file">
 
  <!-- select 된 커럼과 resultType에 기술된 클래스의 필드 이름이 동일하면 자동으로 값을 넣어준다
  	   resultType : 한 행의 정보를 저장할 수 있는 클래스 타입을 명시 -->
 <insert id="insertFile" parameterType="fileVo"> 
 	INSERT INTO Attachments(board_no,post_no,user_id,fileno,filenm,realfilenm)
 	VALUES(#{board_no},#{post_no},#{user_id},seq_fileno.nextVal,#{filenm},#{realfilenm})
 </insert>
 
 <update id="modifyFile" parameterType="fileVo"> 
 	update Attachments set filenm = #{filenm}, realfilenm=#{realfilenm}
 	where fileno= #{fileno} 
 </update>
 
 <select id="selectFileList" parameterType="fileVo" resultType="fileVo">
 	SELECT * FROM Attachments
 	WHERE board_no = #{board_no} AND post_no = #{post_no} AND user_id = #{user_id}
 </select>
 
 <select id="selectFile" parameterType="fileVo" resultType="fileVo">
 	SELECT * FROM Attachments
 	WHERE board_no = #{board_no} AND post_no = #{post_no} AND user_id = #{user_id}
 </select>
 
 <delete id="deleteFile" parameterType="fileVo">
	DELETE Attachments
	WHERE fileno = #{fileno} AND board_no = #{board_no} AND post_no = #{post_no} AND user_id = #{user_id}
 </delete>

</mapper>